Janet,will,back,the,bill
0.000032, 0, 0, 0.000048, 0
0, 0.308431, 0, 0, 0
0, 0.000028, 0.000672, 0, 0.000028
0, 0, 0.000340, 0, 0
0, 0.000200, 0.000223, 0, 0.002337
0, 0, 0.010446, 0, 0
0, 0, 0, 0.506099, 0 
